Weather_Situation,Average_Rentals,Category,Season
1.0,4876.7861771058315,Weather Impact,
2.0,4035.862348178138,Weather Impact,
3.0,1803.2857142857142,Weather Impact,
,2604.1325966850827,Seasonal Trend,1.0
,4992.33152173913,Seasonal Trend,2.0
,5644.303191489362,Seasonal Trend,3.0
,4728.162921348315,Seasonal Trend,4.0
